nombre_local_hallazgo,terminologia,preferido,sinonimo,jerarquia,terminology_code,sinonimo_1,sinonimo_2,sinonimo_3,sinonimo_4,sinonimo_5,comentario
hemorragia intracreaneal,snomed,hemorragia intracreaneal,,trastorno,1386000,,,,,,
signos lesión isquémica aguda,snomed,isquemia cerebral aguda,,trastorno,16218291000119100,,,,,,
caudado,snomed,estructura del núcleo caudado,núcleo caudado,estructura corporal,11000004,núcleo caudado,,,,,
lenticular,snomed,estructura del núcleo lenticular,núcleo lenticular,estructura corporal,41648007,núcleo lenticular,,,,,
cápsula interna,snomed,estructura de la cápsula interna del cerebro,cápsula cerebral interna,estructura corporal,85637007,cápsula interna del cerebro,cápsula cerebral interna,estructura de la cápsula interna,,,
ribete insular,snomed,estructura de surco insular,surco insular,estructura corporal,314190005,estructura de surco insular,surco insular,,,,
segmento M1,radlex,M1 segment of middle cerebral artery,sphenoid part of middle cerebral artery,anatomical structure,RID666,segmento esfenoidal de arteria cerebral media,"arteria cerebral media, segmento M1",,,,
segmento M2,radlex,M2 segment of middle cerebral artery, insular segment of middle cerebral artery,anatomical structure, RID671,segmento insular de arteria cerebral media,"arteria cerebral media, segmento M2",,,,
segmento M3,radlex, M3 segment of middle cerebral artery,cortical part of middle cerebral artery,anatomical structure,RID680,"arteria cerebral media, segmento M3",segmento opercular de la arteria cerebral media,,,,
segmento M4,radlex,M4 segment of middle cerebral artery,,anatomical structure,RID682,"arteria cerebral media, segmento M4",porción cortical de la arteria cerebral media,,,,
segmento M5,local,,,,,,,,,,
segmento M6,local,,,,,,,,,,
ASPECTS,snomed,escala de tomografía computarizada temprana del programa de accidentes cerebrovasculares de Alberta,escala ASPECTS (Alberta Stroke Program Early CT score) - escala de tomografía computarizada temprana del programa de accidentes cerebrovasculares de Alberta,escala de evaluación,1290003007,evaluación con escala ASPECTS (Alberta Stroke Program Early CT Score),evaluación con escala de tomografía computarizada temprana de programa de accidentes cerebrovasculares de Alberta,,,,"La escala puede tomar valor del 0 al 10. Se debe captar el concepto con su valor. Ej: ""ASPECTS 9""."
arteria cerebral anterior,snomed,estructura de la arteria cerebral anterior,arteria cerebral anterior,estructura corporal,60176003,arteria cerebral anterior,,,,,
arteria cerebral anterior derecha,snomed,estructura de la arteria cerebral anterior derecha,arteria cerebral anterior derecha,estructura corporal,369298005,arteria cerebral anterior derecha,,,,,
arteria cerebral anterior izquierda,snomed,estructura de la arteria cerebral anterior izquierda,arteria cerebral anterior izquierda,estructura corporal,369299002,arteria cerebral anterior izquierda,,,,,
arteria cerebral posterior,snomed,estructura de la arteria cerebral posterior,arteria cerebral posterior,estructura corporal,70382005,arteria cerebral posterior,,,,,
arteria cerebral posterior derecha,snomed,estructura de la arteria cerebral posterior derecha,arteria cerebral posterior derecha,estructura corporal,369300005,"
arteria cerebral posterior derecha",,,,,
arteria cerebral posterior izquierda,snomed,estructura de la arteria cerebral posterior izquierda,arteria cerebral posterior izquierda,estructura corporal,369301009,arteria cerebral posterior izquierda,,,,,
cerebelo,snomed,estructura cerebelosa,cerebelo,estructura corporal,113305005,cerebelo,,,,,
troncoencéfalo,snomed,estructura del tronco cerebral,tronco encefálico,estructura corporal,15926001,tronco del encéfalo,tronco encefálico,,,,
trombo hiperdenso,snomed,,,,,,,,,,
arteria carótida interna,snomed,estructura de la arteria carótida interna,arteria carótida interna,estructura corporal,86117002,arteria carótida interna,,,,,
arteria cerebral media segmento M1,snomed,"estructura de arteria cerebral media, segmento M1",segmento esfenoidal de arteria cerebral media,estructura corporal,414722000,segmento esfenoidal de arteria cerebral media,"arteria cerebral media, segmento M1",,,,
arteria cerebral media segmento M2,snomed,"estructura de arteria cerebral media, segmento M2",segmento insular de arteria cerebral media,estructura corporal,414723005,segmento insular de arteria cerebral media,"arteria cerebral media, segmento M2",,,,
arteria basilar,snomed,estructura de la arteria basilar,arteria basilar,estructura corporal,59011009,arteria basilar,,,,,
lesiones isquémicas parenquimatosas subagudas,snomed,,,,,,,,,,
lesiones isquémicas parenquimatosas crónicas,snomed,isquemia cerebral crónica,,trastorno,111298007,,,,,,
oclusión arteria intracraneal,snomed,,,,,enfermedad oclusiva arterial,obstrucción arterial,,,,
arteria carótida interna intracraneal,snomed,,,,,arteria carótida interna,,,,,
arteria cerebral media,snomed,estructura de la arteria cerebral media,,estructura corporal,17232002,arteria cerebral media,arteria de Silvio,,,,
arteria cerebral media derecha,snomed,estructura de la arteria cerebral media derecha,,estructura corporal,369352006,arteria cerebral media derecha,,,,,
arteria cerebral media izquierda,snomed,estructura de la arteria cerebral media izquierda,,estructura corporal,369353001,arteria cerebral media izquierda,,,,,
arteria cerebelosa superior derecha,local,,,,,arteria cerebelosa superior,,,,,
arteria cerebelosa superior izquierda,local,,,,,,,,,,
arteria cerebelosa anteroinferior derecha,local,,,,,arteria cerebelosa anteroinferior,,,,,
arteria cerebelosa anteroinferior izquierda,local,,,,,,,,,,
arteria cerebelosa posteroinferior derecha,local,,,,,arteria cerebelosa inferoposterior,arteria posteroinferior del cerebelo,"
arteria inferior posterior cerebelli",,,
arteria cerebelosa posteroinferior izquierda,local,,,,,,,,,,
oclusión arterial de arteria carótida interna extracraneal,local,,,,,enfermedad oclusiva arterial,obstrucción arterial,,,,
oclusión arterial de arteria vertebral extracraneal,local,,,,,,,,,,
grado estenosis,local,,,,,,,,,,"Capturar también el valor numérico o categórico del grado (ej: ""estenosis < 15%"" o ""estenosis 15-30%"")"
estenosis origen arteria carótida interna derecha,local,,,,,,,,,,
estenosis origen arteria carótida interna izquierda,local,,,,,,,,,,
estenosis origen arteria vertebral derecha,local,,,,,estrechamiento de arteria vertebral,,,,,
estenosis origen arteria vertebral izquierda,local,,,,,,,,,,
retraso en los tiempos de circulación ,radlex,hypoperfusion,,perfusion disorder,RID4977,,,,,,
Territorio Arteria Carótida Interna Intracraneal,local,,,,,,,,,,
Territorio Arteria Cerebral Media,local,,,,,,,,,,
Territorio Arteria Cerebral Anterior,local,,,,,,,,,,
Territorio Arteria Cerebral Posterior,local,,,,,,,,,,
"Discordancia entre territorio penumbra y core
",local,,,,,,,,,,
Ratio Penumbra-Core,local,,,,,,,,,,
trombo,snomed,trombo,,anomalía morfológica,396339007,,,,,,
infarto cerebral,snomed,infarto cerebral,,trastorno,432504007,,,,,,
oclusión arterial,snomed,oclusión arterial,enfermedad oclusiva arterial,trastorno,2929001,,,,,,
arteria cerebelosa superior,snomed,estructura de la arteria cerebelosa superior,,estructura corporal,51691006,,,,,,
arteria cerebelosa anteroinferior,snomed,estructura de la arteria cerebelosa anteroinferior,,estructura corporal,50395001,,,,,,
arteria cerebelosa posteroinferior,snomed,estructura de la arteria cerebelosa posteroinferior,,estructura corporal,45242005,,,,,,
estenosis,snomed,estenosis,,anomalía morfológica,415582006,,,,,,
estenosis de la arteria carótida interna,snomed,estenosis de la arteria carótida interna,,trastorno,233964008,,,,,,
estenosis de arteria vertebral,snomed,estenosis de arteria vertebral,,trastorno,90520006,,,,,,
densidad aumentada,snomed,densidad aumentada,densidad por encima de rango de referencia,hallazgo,125149003,,,,,,
subagudo,snomed,subagudo,,calificador,19939008,,,,,,
intracraneal,snomed,intracraneal,,calificador,303231004,,,,,,
derecho,snomed,derecho,,calificador,24028007,,,,,,
izquierdo,snomed,izquierdo,siniestro,calificador,7771000,,,,,,
arteria vertebral,snomed,estructura de arteria vertebral,arteria vertebral,estructura corporal,85234005,,,,,,
grado,snomed,grado,,atributo,103421006,,,,,,
extracraneal,snomed,extracraneal,,calificador,303232006,,,,,,
,,,,,,,,,,,
,,,,,,,,,,,
,,,,,,,,,,,
,,,,,,,,,,,
,,,,,,,,,,,
,,,,,,,,,,,
,,,,,,,,,,,
,,,,,,,,,,,
,,,,,,,,,,,
,,,,,,,,,,,
,,,,,,,,,,,
,,,,,,,,,,,
,,,,,,,,,,,
,,,,,,,,,,,
,,,,,,,,,,,
,,,,,,,,,,,
,,,,,,,,,,,
